chapter	edited	apparatus_entries	file
SS.1.1	yes	245	01-su.su-1-31/provisional-edition_sutrasthana-1-31.xml
SS.1.2	yes	84	01-su.su-1-31/provisional-edition_sutrasthana-1-31.xml
SS.1.3	no	235	01-su.su-1-31/provisional-edition_sutrasthana-1-31.xml
SS.1.4	no	63	01-su.su-1-31/provisional-edition_sutrasthana-1-31.xml
SS.1.5	no	197	01-su.su-1-31/provisional-edition_sutrasthana-1-31.xml
SS.1.6	no	454	01-su.su-1-31/provisional-edition_sutrasthana-1-31.xml
SS.1.7	no	139	01-su.su-1-31/provisional-edition_sutrasthana-1-31.xml
SS.1.8	no	124	01-su.su-1-31/provisional-edition_sutrasthana-1-31.xml
SS.1.9	no	41	01-su.su-1-31/provisional-edition_sutrasthana-1-31.xml
SS.1.10	no	85	01-su.su-1-31/provisional-edition_sutrasthana-1-31.xml
SS.1.11	no	196	01-su.su-1-31/provisional-edition_sutrasthana-1-31.xml
SS.1.12	no	228	01-su.su-1-31/provisional-edition_sutrasthana-1-31.xml
SS.1.13	yes	180	01-su.su-1-31/provisional-edition_sutrasthana-1-31.xml
SS.1.14	yes	259	01-su.su-1-31/provisional-edition_sutrasthana-1-31.xml
SS.1.15	no	279	01-su.su-1-31/provisional-edition_sutrasthana-1-31.xml
SS.1.16	yes	212	01-su.su-1-31/provisional-edition_sutrasthana-1-31.xml
SS.1.17	no	214	01-su.su-1-31/provisional-edition_sutrasthana-1-31.xml
SS.1.18	no	199	01-su.su-1-31/provisional-edition_sutrasthana-1-31.xml
SS.1.19	no	143	01-su.su-1-31/provisional-edition_sutrasthana-1-31.xml
SS.1.20	no	141	01-su.su-1-31/provisional-edition_sutrasthana-1-31.xml
SS.1.21	no	320	01-su.su-1-31/provisional-edition_sutrasthana-1-31.xml
SS.1.22	no	152	01-su.su-1-31/provisional-edition_sutrasthana-1-31.xml
SS.1.23	no	181	01-su.su-1-31/provisional-edition_sutrasthana-1-31.xml
SS.1.24	no	169	01-su.su-1-31/provisional-edition_sutrasthana-1-31.xml
SS.1.25	no	227	01-su.su-1-31/provisional-edition_sutrasthana-1-31.xml
SS.1.26	no	180	01-su.su-1-31/provisional-edition_sutrasthana-1-31.xml
SS.1.27	no	157	01-su.su-1-31/provisional-edition_sutrasthana-1-31.xml
SS.1.28	no	69	01-su.su-1-31/provisional-edition_sutrasthana-1-31.xml
SS.1.29	no	318	01-su.su-1-31/provisional-edition_sutrasthana-1-31.xml
SS.1.30	no	90	01-su.su-1-31/provisional-edition_sutrasthana-1-31.xml
SS.1.31	no	125	01-su.su-1-31/provisional-edition_sutrasthana-1-31.xml
SS.1.32	no	99	01-su.su-32-end/provisional-edition_sutrasthana-32-end.xml
SS.1.33	no	122	01-su.su-32-end/provisional-edition_sutrasthana-32-end.xml
SS.1.34	no	98	01-su.su-32-end/provisional-edition_sutrasthana-32-end.xml
SS.1.35	no	379	01-su.su-32-end/provisional-edition_sutrasthana-32-end.xml
SS.1.36	no	82	01-su.su-32-end/provisional-edition_sutrasthana-32-end.xml
SS.1.37	no	140	01-su.su-32-end/provisional-edition_sutrasthana-32-end.xml
SS.1.38	no	209	01-su.su-32-end/provisional-edition_sutrasthana-32-end.xml
SS.1.39	no	125	01-su.su-32-end/provisional-edition_sutrasthana-32-end.xml
SS.1.40	no	227	01-su.su-32-end/provisional-edition_sutrasthana-32-end.xml
SS.1.41	no	144	01-su.su-32-end/provisional-edition_sutrasthana-32-end.xml
SS.1.42	no	227	01-su.su-32-end/provisional-edition_sutrasthana-32-end.xml
SS.1.43	no	109	01-su.su-32-end/provisional-edition_sutrasthana-32-end.xml
SS.1.44	no	313	01-su.su-32-end/provisional-edition_sutrasthana-32-end.xml
SS.1.45	no	715	01-su.su-32-end/provisional-edition_sutrasthana-32-end.xml
SS.1.46	no	2132	01-su.su-32-end/provisional-edition_sutrasthana-32-end.xml
SS.2.1	yes	340	02-su.ni/provisional-edition_nidanasthana.xml
SS.2.2	no	235	02-su.ni/provisional-edition_nidanasthana.xml
SS.2.3	no	128	02-su.ni/provisional-edition_nidanasthana.xml
SS.2.4	no	111	02-su.ni/provisional-edition_nidanasthana.xml
SS.2.5	no	227	02-su.ni/provisional-edition_nidanasthana.xml
SS.2.6	no	180	02-su.ni/provisional-edition_nidanasthana.xml
SS.2.7	no	140	02-su.ni/provisional-edition_nidanasthana.xml
SS.2.8	no	116	02-su.ni/provisional-edition_nidanasthana.xml
SS.2.9	no	143	02-su.ni/provisional-edition_nidanasthana.xml
SS.2.10	no	135	02-su.ni/provisional-edition_nidanasthana.xml
SS.2.11	no	165	02-su.ni/provisional-edition_nidanasthana.xml
SS.2.12	no	126	02-su.ni/provisional-edition_nidanasthana.xml
SS.2.13	no	336	02-su.ni/provisional-edition_nidanasthana.xml
SS.2.14	no	93	02-su.ni/provisional-edition_nidanasthana.xml
SS.2.15	no	107	02-su.ni/provisional-edition_nidanasthana.xml
SS.2.16	no	397	02-su.ni/provisional-edition_nidanasthana.xml
SS.2.trailer	no	1	02-su.ni/provisional-edition_nidanasthana.xml
SS.3.1	yes	169	03-su.sa/provisional-edition_sarirasthana.xml
SS.3.2	yes	385	03-su.sa/provisional-edition_sarirasthana.xml
SS.3.3	yes	232	03-su.sa/provisional-edition_sarirasthana.xml
SS.3.4	no	385	03-su.sa/provisional-edition_sarirasthana.xml
SS.3.5	no	383	03-su.sa/provisional-edition_sarirasthana.xml
SS.3.6	no	433	03-su.sa/provisional-edition_sarirasthana.xml
SS.3.7	no	228	03-su.sa/provisional-edition_sarirasthana.xml
SS.3.8	no	248	03-su.sa/provisional-edition_sarirasthana.xml
SS.3.9	yes	148	03-su.sa/provisional-edition_sarirasthana.xml
SS.3.10	no	499	03-su.sa/provisional-edition_sarirasthana.xml
SS.3.trailer	no	2	03-su.sa/provisional-edition_sarirasthana.xml
SS.4.1	no	501	04-su.ci-1-20/provisional-edition_cikitsasthana_01-20.xml
SS.4.2	no	375	04-su.ci-1-20/provisional-edition_cikitsasthana_01-20.xml
SS.4.3	no	238	04-su.ci-1-20/provisional-edition_cikitsasthana_01-20.xml
SS.4.4	yes	151	04-su.ci-1-20/provisional-edition_cikitsasthana_01-20.xml
SS.4.5	no	287	04-su.ci-1-20/provisional-edition_cikitsasthana_01-20.xml
SS.4.6	no	295	04-su.ci-1-20/provisional-edition_cikitsasthana_01-20.xml
SS.4.7	no	235	04-su.ci-1-20/provisional-edition_cikitsasthana_01-20.xml
SS.4.8	no	207	04-su.ci-1-20/provisional-edition_cikitsasthana_01-20.xml
SS.4.9	no	326	04-su.ci-1-20/provisional-edition_cikitsasthana_01-20.xml
SS.4.10	no	258	04-su.ci-1-20/provisional-edition_cikitsasthana_01-20.xml
SS.4.11	no	133	04-su.ci-1-20/provisional-edition_cikitsasthana_01-20.xml
SS.4.12	no	136	04-su.ci-1-20/provisional-edition_cikitsasthana_01-20.xml
SS.4.13	no	143	04-su.ci-1-20/provisional-edition_cikitsasthana_01-20.xml
SS.4.14	no	217	04-su.ci-1-20/provisional-edition_cikitsasthana_01-20.xml
SS.4.15	no	200	04-su.ci-1-20/provisional-edition_cikitsasthana_01-20.xml
SS.4.16	no	120	04-su.ci-1-20/provisional-edition_cikitsasthana_01-20.xml
SS.4.17	no	212	04-su.ci-1-20/provisional-edition_cikitsasthana_01-20.xml
SS.4.18	no	223	04-su.ci-1-20/provisional-edition_cikitsasthana_01-20.xml
SS.4.19	no	246	04-su.ci-1-20/provisional-edition_cikitsasthana_01-20.xml
SS.4.20	no	295	04-su.ci-1-20/provisional-edition_cikitsasthana_01-20.xml
SS.4.21	no	49	04-su.ci-21-40/provisional-edition_cikitsasthana_21-40.xml
SS.4.22	no	280	04-su.ci-21-40/provisional-edition_cikitsasthana_21-40.xml
SS.4.23	no	107	04-su.ci-21-40/provisional-edition_cikitsasthana_21-40.xml
SS.4.24	no	490	04-su.ci-21-40/provisional-edition_cikitsasthana_21-40.xml
SS.4.25	no	206	04-su.ci-21-40/provisional-edition_cikitsasthana_21-40.xml
SS.4.26	no	141	04-su.ci-21-40/provisional-edition_cikitsasthana_21-40.xml
SS.4.27	no	130	04-su.ci-21-40/provisional-edition_cikitsasthana_21-40.xml
SS.4.28	no	143	04-su.ci-21-40/provisional-edition_cikitsasthana_21-40.xml
SS.4.29	no	136	04-su.ci-21-40/provisional-edition_cikitsasthana_21-40.xml
SS.4.30	no	200	04-su.ci-21-40/provisional-edition_cikitsasthana_21-40.xml
SS.4.31	no	275	04-su.ci-21-40/provisional-edition_cikitsasthana_21-40.xml
SS.4.32	no	160	04-su.ci-21-40/provisional-edition_cikitsasthana_21-40.xml
SS.4.33	no	254	04-su.ci-21-40/provisional-edition_cikitsasthana_21-40.xml
SS.4.34	no	358	04-su.ci-21-40/provisional-edition_cikitsasthana_21-40.xml
SS.4.35	no	163	04-su.ci-21-40/provisional-edition_cikitsasthana_21-40.xml
SS.4.36	no	246	04-su.ci-21-40/provisional-edition_cikitsasthana_21-40.xml
SS.4.37	no	410	04-su.ci-21-40/provisional-edition_cikitsasthana_21-40.xml
SS.4.38	no	464	04-su.ci-21-40/provisional-edition_cikitsasthana_21-40.xml
SS.4.39	no	123	04-su.ci-21-40/provisional-edition_cikitsasthana_21-40.xml
SS.4.40	no	393	04-su.ci-21-40/provisional-edition_cikitsasthana_21-40.xml
SS.5.1	yes	270	05-su.ka/provisional-edition_kalpasthana.xml
SS.5.2	yes	230	05-su.ka/provisional-edition_kalpasthana.xml
SS.5.3	yes	230	05-su.ka/provisional-edition_kalpasthana.xml
SS.5.4	yes	330	05-su.ka/provisional-edition_kalpasthana.xml
SS.5.5	yes	327	05-su.ka/provisional-edition_kalpasthana.xml
SS.5.6	yes	90	05-su.ka/provisional-edition_kalpasthana.xml
SS.5.7	yes	236	05-su.ka/provisional-edition_kalpasthana.xml
SS.5.8	yes	555	05-su.ka/provisional-edition_kalpasthana.xml
SS.6.1	no	239	06-su.ut-01-26-salakya/provisional-edition_uttaratantra-01-26.xml
SS.6.2	no	71	06-su.ut-01-26-salakya/provisional-edition_uttaratantra-01-26.xml
SS.6.3	no	158	06-su.ut-01-26-salakya/provisional-edition_uttaratantra-01-26.xml
SS.6.4	no	55	06-su.ut-01-26-salakya/provisional-edition_uttaratantra-01-26.xml
SS.6.5	no	47	06-su.ut-01-26-salakya/provisional-edition_uttaratantra-01-26.xml
SS.6.6	no	106	06-su.ut-01-26-salakya/provisional-edition_uttaratantra-01-26.xml
SS.6.7	no	206	06-su.ut-01-26-salakya/provisional-edition_uttaratantra-01-26.xml
SS.6.8	no	72	06-su.ut-01-26-salakya/provisional-edition_uttaratantra-01-26.xml
SS.6.9	no	99	06-su.ut-01-26-salakya/provisional-edition_uttaratantra-01-26.xml
SS.6.10	no	109	06-su.ut-01-26-salakya/provisional-edition_uttaratantra-01-26.xml
SS.6.11	no	119	06-su.ut-01-26-salakya/provisional-edition_uttaratantra-01-26.xml
SS.6.12	no	221	06-su.ut-01-26-salakya/provisional-edition_uttaratantra-01-26.xml
SS.6.13	no	63	06-su.ut-01-26-salakya/provisional-edition_uttaratantra-01-26.xml
SS.6.14	no	38	06-su.ut-01-26-salakya/provisional-edition_uttaratantra-01-26.xml
SS.6.15	no	141	06-su.ut-01-26-salakya/provisional-edition_uttaratantra-01-26.xml
SS.6.16	no	48	06-su.ut-01-26-salakya/provisional-edition_uttaratantra-01-26.xml
SS.6.17	yes	432	06-su.ut-01-26-salakya/provisional-edition_uttaratantra-01-26.xml
SS.6.18	no	429	06-su.ut-01-26-salakya/provisional-edition_uttaratantra-01-26.xml
SS.6.19	no	101	06-su.ut-01-26-salakya/provisional-edition_uttaratantra-01-26.xml
SS.6.20	no	91	06-su.ut-01-26-salakya/provisional-edition_uttaratantra-01-26.xml
SS.6.21	no	186	06-su.ut-01-26-salakya/provisional-edition_uttaratantra-01-26.xml
SS.6.22	no	95	06-su.ut-01-26-salakya/provisional-edition_uttaratantra-01-26.xml
SS.6.23	no	91	06-su.ut-01-26-salakya/provisional-edition_uttaratantra-01-26.xml
SS.6.24	no	160	06-su.ut-39-24-57-kayacikitsa/provisional-edition_uttaratantra-39-24-57.xml
SS.6.25	no	75	06-su.ut-01-26-salakya/provisional-edition_uttaratantra-01-26.xml
SS.6.26	no	178	06-su.ut-01-26-salakya/provisional-edition_uttaratantra-01-26.xml
SS.6.27	no	115	06-su.ut-27-37-kumara/provisional-edition_uttaratantra-27-37.xml
SS.6.28	no	66	06-su.ut-27-37-kumara/provisional-edition_uttaratantra-27-37.xml
SS.6.29	no	30	06-su.ut-27-37-kumara/provisional-edition_uttaratantra-27-37.xml
SS.6.30	no	38	06-su.ut-27-37-kumara/provisional-edition_uttaratantra-27-37.xml
SS.6.31	no	42	06-su.ut-27-37-kumara/provisional-edition_uttaratantra-27-37.xml
SS.6.32	no	32	06-su.ut-27-37-kumara/provisional-edition_uttaratantra-27-37.xml
SS.6.33	no	42	06-su.ut-27-37-kumara/provisional-edition_uttaratantra-27-37.xml
SS.6.34	no	38	06-su.ut-27-37-kumara/provisional-edition_uttaratantra-27-37.xml
SS.6.35	no	38	06-su.ut-27-37-kumara/provisional-edition_uttaratantra-27-37.xml
SS.6.36	no	35	06-su.ut-27-37-kumara/provisional-edition_uttaratantra-27-37.xml
SS.6.37	no	113	06-su.ut-27-37-kumara/provisional-edition_uttaratantra-27-37.xml
SS.6.38	no	123	06-su.ut-58-38-66-dasaka/provisional-edition_uttaratantra-58-38-66.xml
SS.6.39	no	1132	06-su.ut-39-24-57-kayacikitsa/provisional-edition_uttaratantra-39-24-57.xml
SS.6.40	no	701	06-su.ut-39-24-57-kayacikitsa/provisional-edition_uttaratantra-39-24-57.xml
SS.6.41	no	283	06-su.ut-39-24-57-kayacikitsa/provisional-edition_uttaratantra-39-24-57.xml
SS.6.42	no	483	06-su.ut-39-24-57-kayacikitsa/provisional-edition_uttaratantra-39-24-57.xml
SS.6.43	no	93	06-su.ut-39-24-57-kayacikitsa/provisional-edition_uttaratantra-39-24-57.xml
SS.6.44	no	235	06-su.ut-39-24-57-kayacikitsa/provisional-edition_uttaratantra-39-24-57.xml
SS.6.45	no	228	06-su.ut-39-24-57-kayacikitsa/provisional-edition_uttaratantra-39-24-57.xml
SS.6.46	no	102	06-su.ut-39-24-57-kayacikitsa/provisional-edition_uttaratantra-39-24-57.xml
SS.6.47	no	397	06-su.ut-39-24-57-kayacikitsa/provisional-edition_uttaratantra-39-24-57.xml
SS.6.48	no	144	06-su.ut-39-24-57-kayacikitsa/provisional-edition_uttaratantra-39-24-57.xml
SS.6.49	no	132	06-su.ut-39-24-57-kayacikitsa/provisional-edition_uttaratantra-39-24-57.xml
SS.6.50	no	144	06-su.ut-39-24-57-kayacikitsa/provisional-edition_uttaratantra-39-24-57.xml
SS.6.51	no	195	06-su.ut-39-24-57-kayacikitsa/provisional-edition_uttaratantra-39-24-57.xml
SS.6.52	no	210	06-su.ut-39-24-57-kayacikitsa/provisional-edition_uttaratantra-39-24-57.xml
SS.6.53	no	82	06-su.ut-39-24-57-kayacikitsa/provisional-edition_uttaratantra-39-24-57.xml
SS.6.54	no	153	06-su.ut-39-24-57-kayacikitsa/provisional-edition_uttaratantra-39-24-57.xml
SS.6.55	no	195	06-su.ut-39-24-57-kayacikitsa/provisional-edition_uttaratantra-39-24-57.xml
SS.6.56	no	117	06-su.ut-39-24-57-kayacikitsa/provisional-edition_uttaratantra-39-24-57.xml
SS.6.57	no	120	06-su.ut-39-24-57-kayacikitsa/provisional-edition_uttaratantra-39-24-57.xml
SS.6.58	no	173	06-su.ut-58-38-66-dasaka/provisional-edition_uttaratantra-58-38-66.xml
SS.6.59	no	137	06-su.ut-58-38-66-dasaka/provisional-edition_uttaratantra-58-38-66.xml
SS.6.60	no	235	06-su.ut-58-38-66-dasaka/provisional-edition_uttaratantra-58-38-66.xml
SS.6.61	no	113	06-su.ut-58-38-66-dasaka/provisional-edition_uttaratantra-58-38-66.xml
SS.6.62	no	140	06-su.ut-58-38-66-dasaka/provisional-edition_uttaratantra-58-38-66.xml
SS.6.63	no	138	06-su.ut-58-38-66-dasaka/provisional-edition_uttaratantra-58-38-66.xml
SS.6.64	yes	398	06-su.ut-58-38-66-dasaka/provisional-edition_uttaratantra-58-38-66.xml
SS.6.65	yes	253	06-su.ut-58-38-66-dasaka/provisional-edition_uttaratantra-58-38-66.xml
SS.6.66	no	106	06-su.ut-58-38-66-dasaka/provisional-edition_uttaratantra-58-38-66.xml
